<?xml version="1.0"?>

<model-hints>
	<model name="com.test.docs.promgmt.model.Project">
		<field name="uuid" type="String" />
		<field name="projectId" type="long" />
		<field name="groupId" type="long" />
		<field name="companyId" type="long" />
		<field name="userId" type="long" />
		<field name="userName" type="String" />
		<field name="createDate" type="Date" />
		<field name="modifiedDate" type="Date" />
		<field name="proTitle" type="String" />
		<field name="description" type="String" />
		<field name="imageId" type="long" />
	</model>
</model-hints>