<?xml version="1.0"?>
 
 <root available-locales="en_US" default-locale="en_US">
 	<dynamic-element name="heading" index="0" type="text" index-type="keyword">
 		<dynamic-content language-id="en_US"><![CDATA[Testimonials]]></dynamic-content>
 	</dynamic-element>
 	<dynamic-element name="content" index="0" type="text_box" index-type="keyword">
 		<dynamic-content language-id="en_US"><![CDATA["Lorem ipsum dolor sit amet, consectetur adipiscing elit, sed do eiusmod tempor incididunt ut labore et dolore magna aliqua.]]></dynamic-content>
 	</dynamic-element>
 	<dynamic-element name="image" index="0" type="wcm-image" data-type="image" index-type="keyword">
 		<dynamic-content><![CDATA[[$FILE=kc.png$]]]></dynamic-content>
 	</dynamic-element>
 </root>