<?xml version="1.0"?>

<root available-locales="en_US" default-locale="en_US">
	<dynamic-element dataType="string" indexType="" multiple="false" name="duration" readOnly="false" repeatable="false" required="false" showLabel="true" type="select" width="">
		<dynamic-element name="option1" type="option" value="1">
			<meta-data locale="en_US">
				<entry name="label"><![CDATA[1]]></entry>
			</meta-data>
		</dynamic-element>
		<dynamic-element name="option2" type="option" value="3">
			<meta-data locale="en_US">
				<entry name="label"><![CDATA[3]]></entry>
			</meta-data>
		</dynamic-element>
		<dynamic-element name="option3" type="option" value="5">
			<meta-data locale="en_US">
				<entry name="label"><![CDATA[5]]></entry>
			</meta-data>
		</dynamic-element>
		<dynamic-element name="option4" type="option" value="10">
			<meta-data locale="en_US">
				<entry name="label"><![CDATA[10]]></entry>
			</meta-data>
		</dynamic-element>
		<dynamic-element name="option5" type="option" value="30">
			<meta-data locale="en_US">
				<entry name="label"><![CDATA[30]]></entry>
			</meta-data>
		</dynamic-element>
		<dynamic-element name="option6" type="option" value="180">
			<meta-data locale="en_US">
				<entry name="label"><![CDATA[180]]></entry>
			</meta-data>
		</dynamic-element>
		<dynamic-element name="option7" type="option" value="300">
			<meta-data locale="en_US">
				<entry name="label"><![CDATA[300]]></entry>
			</meta-data>
		</dynamic-element>
		<dynamic-element name="option8" type="option" value="8">
			<meta-data locale="en_US">
				<entry name="label"><![CDATA[8]]></entry>
			</meta-data>
		</dynamic-element>
		<dynamic-element name="option9" type="option" value="9">
			<meta-data locale="en_US">
				<entry name="label"><![CDATA[9]]></entry>
			</meta-data>
		</dynamic-element>
		<dynamic-element name="option10" type="option" value="10">
			<meta-data locale="en_US">
				<entry name="label"><![CDATA[10]]></entry>
			</meta-data>
		</dynamic-element>
		<meta-data locale="en_US">
			<entry name="label"><![CDATA[Transition Duration]]></entry>
			<entry name="predefinedValue"><![CDATA[["5"]]]></entry>
			<entry name="tip"><![CDATA[]]></entry>
		</meta-data>
	</dynamic-element>

	<dynamic-element dataType="string" indexType="" name="carousel-item" readOnly="false" repeatable="true" required="false" showLabel="true" type="text" width="small">
		<dynamic-element dataType="string" indexType="" name="tagline" readOnly="false" repeatable="false" required="false" showLabel="true" type="text" width="small">
			<meta-data locale="en_US">
				<entry name="label"><![CDATA[Item Tagline]]></entry>
				<entry name="predefinedValue"><![CDATA[]]></entry>
				<entry name="tip"><![CDATA[]]></entry>
			</meta-data>
		</dynamic-element>
		<dynamic-element dataType="string" indexType="" name="paragraph" readOnly="false" repeatable="false" required="false" showLabel="true" type="text" width="large">
			<meta-data locale="en_US">
				<entry name="label"><![CDATA[Item paragraph]]></entry>
				<entry name="predefinedValue"><![CDATA[]]></entry>
				<entry name="tip"><![CDATA[]]></entry>
			</meta-data>
		</dynamic-element>
		<dynamic-element dataType="document-library" fieldNamespace="ddm" indexType="" name="image" readOnly="false" repeatable="false" required="true" showLabel="true" type="ddm-documentlibrary" width="">
			<meta-data locale="en_US">
				<entry name="label"><![CDATA[Item Image]]></entry>
				<entry name="predefinedValue"><![CDATA[]]></entry>
				<entry name="tip"><![CDATA[]]></entry>
			</meta-data>
		</dynamic-element>
		<dynamic-element dataType="string" indexType="" name="url-location" readOnly="false" repeatable="false" required="false" showLabel="true" type="text" width="large">
			<meta-data locale="en_US">
				<entry name="label"><![CDATA[Item Url]]></entry>
				<entry name="predefinedValue"><![CDATA[]]></entry>
				<entry name="tip"><![CDATA[]]></entry>
			</meta-data>
		</dynamic-element>
		<meta-data locale="en_US">
			<entry name="label"><![CDATA[Carousel Item]]></entry>
			<entry name="predefinedValue"><![CDATA[]]></entry>
			<entry name="tip"><![CDATA[]]></entry>
		</meta-data>
	</dynamic-element>
</root>