<?xml version="1.0"?>
 
 <root available-locales="en_US" default-locale="en_US">
 	<dynamic-element name="head" index="0" type="text" index-type="keyword">
 		<dynamic-content language-id="en_US"><![CDATA[About Us]]></dynamic-content>
 	</dynamic-element>
 	<dynamic-element name="body" index="0" type="text_box" index-type="keyword">
 		<dynamic-content language-id="en_US"><![CDATA["Lorem ipsum dolor sit amet, consectetur adipiscing elit, sed do eiusmod tempor incididunt ut labore et dolore magna aliqua. Ut enim ad minim veniam, quis nostrud exercitation ullamco laboris nisi ut aliquip ex ea commodo consequat.]]></dynamic-content>
 	</dynamic-element>
 	<dynamic-element name="image" index="0" type="wcm-image" data-type="image" index-type="keyword">
 		<dynamic-content><![CDATA[[$FILE=about-us.jpg$]]]></dynamic-content>
 	</dynamic-element>
 </root>