<?xml version="1.0"?>

<root available-locales="en_US" default-locale="en_US">
	<dynamic-element instance-id="O4aO9a8O" name="duration" type="list" index-type="">
		<dynamic-content><![CDATA[10]]></dynamic-content>
	</dynamic-element>

	<dynamic-element instance-id="qYyn3lcL" name="carousel-item" type="text" index-type="">
		<dynamic-element instance-id="SJwKZiO2" name="tagline" type="text" index-type="">
			<dynamic-content><![CDATA[Fugiat harum nulla voluptatem]]></dynamic-content>
		</dynamic-element>
		<dynamic-element instance-id="UfdsweoF" name="paragraph" type="text" index-type="">
			<dynamic-content><![CDATA[Id expedita explicabo dignissimos ut delectus reiciendis exce]]></dynamic-content>
		</dynamic-element>
		<dynamic-element instance-id="NKshI0fa" name="image" type="document_library" index-type="">
			<dynamic-content><![CDATA[[$FILE=slide_01.jpg$]]]></dynamic-content>
		</dynamic-element>
		<dynamic-element instance-id="CaKRiz5o" name="url-location" type="link_to_layout" index-type="">
			<dynamic-content><![CDATA[#testimonials]]></dynamic-content>
		</dynamic-element>
		<dynamic-content><![CDATA[Consequatur]]></dynamic-content>
	</dynamic-element>

	<dynamic-element instance-id="grOgO2rI" name="carousel-item" type="text" index-type="">
		<dynamic-element instance-id="UDRDxXc6" name="tagline" type="text" index-type="">
			<dynamic-content><![CDATA[Alias provident qui praesentium]]></dynamic-content>
		</dynamic-element>
		<dynamic-element instance-id="TREfd99s" name="paragraph" type="text" index-type="">
			<dynamic-content><![CDATA[Id velit tempore eligendi inventore nostrum. Ullam]]></dynamic-content>
		</dynamic-element>
		<dynamic-element instance-id="AB6XGWIW" name="image" type="document_library" index-type="">
			<dynamic-content><![CDATA[[$FILE=slide_02.jpg$]]]></dynamic-content>
		</dynamic-element>
		<dynamic-element instance-id="0BlzqsMw" name="url-location" type="link_to_layout" index-type="">
			<dynamic-content><![CDATA[#team]]></dynamic-content>
		</dynamic-element>
		<dynamic-content><![CDATA[Doloremque]]></dynamic-content>
	</dynamic-element>

	<dynamic-element instance-id="qOSRCIBp" name="carousel-item" type="text" index-type="">
		<dynamic-element instance-id="GaBpYLlY" name="tagline" type="text" index-type="">
			<dynamic-content><![CDATA[Architecto reprehenderit culpa reiciendis]]></dynamic-content>
		</dynamic-element>
		<dynamic-element instance-id="499dsgRD" name="paragraph" type="text" index-type="">
			<dynamic-content><![CDATA[Temporibus vitae atque accusantium molestias architecto]]></dynamic-content>
		</dynamic-element>
		<dynamic-element instance-id="cJiqbcTO" name="image" type="document_library" index-type="">
			<dynamic-content><![CDATA[[$FILE=slide_03.jpg$]]]></dynamic-content>
		</dynamic-element>
		<dynamic-element instance-id="6A0R3Dey" name="url-location" type="link_to_layout" index-type="">
			<dynamic-content><![CDATA[#clients]]></dynamic-content>
		</dynamic-element>
		<dynamic-content><![CDATA[Temporibus]]></dynamic-content>
	</dynamic-element>

	<dynamic-element instance-id="qORGAIBp" name="carousel-item" type="text" index-type="">
		<dynamic-element instance-id="GaBpYLlY" name="tagline" type="text" index-type="">
			<dynamic-content><![CDATA[Reprehenderit culpa reiciendis]]></dynamic-content>
		</dynamic-element>
		<dynamic-element instance-id="599dsgRD" name="paragraph" type="text" index-type="">
			<dynamic-content><![CDATA[Vitae atque accusantium molestias architecto]]></dynamic-content>
		</dynamic-element>
		<dynamic-element instance-id="cKiqbcTO" name="image" type="document_library" index-type="">
			<dynamic-content><![CDATA[[$FILE=slide_04.jpg$]]]></dynamic-content>
		</dynamic-element>
		<dynamic-element instance-id="6H0R3Dey" name="url-location" type="link_to_layout" index-type="">
			<dynamic-content><![CDATA[#clients]]></dynamic-content>
		</dynamic-element>
		<dynamic-content><![CDATA[Temporibus]]></dynamic-content>
	</dynamic-element>
</root>