<?xml version="1.0"?>
<!DOCTYPE liferay-portlet-app PUBLIC "-//Liferay//DTD Portlet Application 6.2.0//EN" "http://www.liferay.com/dtd/liferay-portlet-app_6_2_0.dtd">

<liferay-portlet-app>
	
	<portlet>
		<portlet-name>guestbook</portlet-name>
		<icon>/icon.png</icon>
		<indexer-class>com.demo.sample.search.EntryIndexer</indexer-class>
		<indexer-class>com.demo.sample.search.GuestbookIndexer</indexer-class>
		<header-portlet-css>/css/main.css</header-portlet-css>
		<footer-portlet-javascript>
			/js/main.js
		</footer-portlet-javascript>
		<css-class-wrapper>guestbook-portlet</css-class-wrapper>
	</portlet>
	<portlet>
		<portlet-name>guestbook-admin</portlet-name>
		<icon>/icon.png</icon>
		<control-panel-entry-category>
			site_administration.content
		</control-panel-entry-category>
		<control-panel-entry-weight>1.5</control-panel-entry-weight>
		<header-portlet-css>/css/main.css</header-portlet-css>
		<footer-portlet-javascript>
			/js/main.js
		</footer-portlet-javascript>
		<css-class-wrapper>guestbook-admin-portlet</css-class-wrapper>
	</portlet>
	<role-mapper>
		<role-name>administrator</role-name>
		<role-link>Administrator</role-link>
	</role-mapper>
	<role-mapper>
		<role-name>guest</role-name>
		<role-link>Guest</role-link>
	</role-mapper>
	<role-mapper>
		<role-name>power-user</role-name>
		<role-link>Power User</role-link>
	</role-mapper>
	<role-mapper>
		<role-name>user</role-name>
		<role-link>User</role-link>
	</role-mapper>
</liferay-portlet-app>