<?xml version="1.0"?>

<root available-locales="en_US" default-locale="en_US">
	<dynamic-element dataType="string" indexType="keyword" name="main-heading" readOnly="false" repeatable="false" required="false" showLabel="true" type="text" width="small">
		<meta-data locale="en_US">
			<entry name="label">
				<![CDATA[heading]]>
			</entry>
			<entry name="predefinedValue">
				<![CDATA[]]>
			</entry>
			<entry name="tip">
				<![CDATA[]]>
			</entry>
		</meta-data>
	</dynamic-element>
	<dynamic-element dataType="string" indexType="keyword" name="features" readOnly="false" repeatable="true" required="false" showLabel="true" type="text" width="small">
		<dynamic-element dataType="string" indexType="keyword" name="abstract" readOnly="false" repeatable="false" required="false" showLabel="true" type="textarea" width="small">
			<meta-data locale="en_US">
				<entry name="label">
					<![CDATA[Abstract]]>
				</entry>
				<entry name="predefinedValue">
					<![CDATA[]]>
				</entry>
				<entry name="tip">
					<![CDATA[An abstract of the feature to be shown before readmore link]]>
				</entry>
			</meta-data>
		</dynamic-element>
		<dynamic-element dataType="image" fieldNamespace="wcm" indexType="keyword" name="icone" readOnly="false" repeatable="false" required="false" showLabel="true" type="wcm-image" width="">
			<meta-data locale="en_US">
				<entry name="label">
					<![CDATA[Icone]]>
				</entry>
				<entry name="predefinedValue">
					<![CDATA[]]>
				</entry>
				<entry name="tip">
					<![CDATA[Select an expressive icone to be shown with the title]]>
				</entry>
			</meta-data>
		</dynamic-element>
		<dynamic-element dataType="string" indexType="keyword" name="feature-link" readOnly="false" repeatable="false" required="false" showLabel="true" type="text" width="small">
			<meta-data locale="en_US">
				<entry name="label">
					<![CDATA[Link to the Feature]]>
				</entry>
				<entry name="predefinedValue">
					<![CDATA[]]>
				</entry>
				<entry name="tip">
					<![CDATA[The link to the full article describing the feature for external links add // before your link]]>
				</entry>
			</meta-data>
		</dynamic-element>
		<meta-data locale="en_US">
			<entry name="label">
				<![CDATA[Title]]>
			</entry>
			<entry name="predefinedValue">
				<![CDATA[]]>
			</entry>
			<entry name="tip">
				<![CDATA[Theme Feature]]>
			</entry>
		</meta-data>
	</dynamic-element>
</root>