<?xml version="1.0"?>

<root available-locales="en_US" default-locale="en_US">
	<dynamic-element dataType="string" indexType="keyword" name="heading" readOnly="false" repeatable="false" required="false" showLabel="true" type="text" width="small">
		<meta-data locale="en_US">
			<entry name="label">
				<![CDATA[heading]]>
			</entry>
			<entry name="predefinedValue">
				<![CDATA[]]>
			</entry>
			<entry name="tip">
				<![CDATA[]]>
			</entry>
		</meta-data>
	</dynamic-element>
	<dynamic-element dataType="string" indexType="keyword" name="ImageElementSet" readOnly="false" repeatable="true" required="false" showLabel="true" type="text" width="small">
		<dynamic-element dataType="string" indexType="keyword" name="title" readOnly="false" repeatable="false" required="false" showLabel="true" type="text" width="small">
			<meta-data locale="en_US">
				<entry name="label">
					<![CDATA[title]]>
				</entry>
				<entry name="predefinedValue">
					<![CDATA[]]>
				</entry>
				<entry name="tip">
					<![CDATA[]]>
				</entry>
			</meta-data>
		</dynamic-element>
		<dynamic-element dataType="image" fieldNamespace="wcm" indexType="keyword" name="thumbnail" readOnly="false" repeatable="false" required="false" showLabel="true" type="wcm-image" width="">
			<meta-data locale="en_US">
				<entry name="label">
					<![CDATA[thumbnail]]>
				</entry>
				<entry name="predefinedValue">
					<![CDATA[]]>
				</entry>
				<entry name="tip">
					<![CDATA[]]>
				</entry>
			</meta-data>
		</dynamic-element>
		<dynamic-element dataType="image" fieldNamespace="wcm" indexType="keyword" name="image" readOnly="false" repeatable="false" required="false" showLabel="true" type="wcm-image" width="">
			<meta-data locale="en_US">
				<entry name="label">
					<![CDATA[Image]]>
				</entry>
				<entry name="predefinedValue">
					<![CDATA[]]>
				</entry>
				<entry name="tip">
					<![CDATA[]]>
				</entry>
			</meta-data>
		</dynamic-element>
		<meta-data locale="en_US">
			<entry name="label">
				<![CDATA[Text]]>
			</entry>
			<entry name="predefinedValue">
				<![CDATA[]]>
			</entry>
			<entry name="tip">
				<![CDATA[]]>
			</entry>
		</meta-data>
	</dynamic-element>
</root>